culture,bert_f1_result_vs_label
Canadian,0.8053254820406437
French,0.8126178582509359
Indian,0.8007550835609436
Italian,0.8095150821738772
Korean,0.8102116361260414
Mexican,0.8025294264157613
Persian,0.8129006862640381
Portuguese,0.8030656933784485
Vietnamese,0.8149279206991196
