culture,bert_f1_result_vs_label
Canadian,0.7878856025636196
French,0.8002452883455489
Indian,0.783715836207072
Italian,0.7986124157905579
Korean,0.7930727452039719
Mexican,0.7919468641281128
Persian,0.7925204455852508
Portuguese,0.7910500705242157
Vietnamese,0.7994085922837257
